Business,Email,Category,Location
SO/ Bangkok,h6835@sofitel.com,Dining/Hotel,Bangkok
Parrish Jones Barber Bangkok,bangkok@parrishjones.com,Barber,Bangkok
The Esquire Barber Club,the.esquirebarberclub@gmail.com,Barber,Bangkok
JW Cafe Bangkok,mibangkokfb.rst.rsvn@marriotthotels.com,Restaurant,Bangkok
Arabian Tea House,info@arabianteahouse.com,Cafe,Dubai
Arabian Tea House - Jumeirah,branch04@arabianteahouse.com,Cafe,Dubai
Arabian Tea House - Al Bastakiya,branch01@arabianteahouse.com,Cafe,Dubai
Cafe Belge DIFC,cafebelgedifc@ritzcarlton.com,Restaurant/Cafe,Dubai
Cafe Wayfarer,welcome@cafewayfarer.com,Cafe,Dubai
Roasters Specialty Coffee House,beans@roastercoffee.ae,Cafe,Dubai
Saraya Specialty Coffee Roasters,info@coffeesaraya.com,Cafe,Dubai
TeaTime Cafe,info@teatimecafe.ae,Cafe,Dubai
CG Barbershop,info@cgbarbershop.com,Barber,Dubai
DXB Barber,info@dxbbarber.ae,Barber,Dubai
The Barbers Corner,info@thebarberscorner.com,Barber,Dubai
SKILLS Dubai Barbershop,skillsdxb@gmail.com,Barber,Dubai
Fijii Cuts,fijiicutsbarbershop@gmail.com,Barber,Bangkok
C&B Gentlemen’s Barber,cbbangkok@gmail.com,Barber,Bangkok
Hair & Stache Barbershop,hairandstache@gmail.com,Barber,Bangkok
Gentsy Barber Shop,Gentsy.barber@gmail.com,Barber,Dubai
Musk Barbershop,muskbarbershop@gmail.com,Barber,Dubai
Billy Cuts Barbershop,billycutsbarbershop@gmail.com,Barber,Dubai
The Good Hood Barbershop,ianwarrenthebarber@gmail.com,Barber,Dubai
Casa Barbershop,casadxbbarbershop@gmail.com,Barber,Dubai
Project Hairway,projecthairway@gmail.com,Barber,Dubai
Pavarotti Café Lac 1,pastapavarotti@gmail.com,Cafe,Tunis
Hookah Lounge 103,hookahlounge@gmail.com,Cafe,Tunis
Flavory Coffee & Food,flavorycoffeetunisia@gmail.com,Cafe,Tunis
GAL Coffee & Kitchen,galcoffee@gmail.com,Cafe,Sousse
Les Champs Elysées,leselysee.cafe@gmail.com,Cafe,Sousse
Chillout Coffee Shop,Hosnianis23@gmail.com,Cafe,Sousse
The Royce chez Bassem,theroyce@gmail.com,Cafe,Sfax
Don Café,don.cafe.2022@gmail.com,Cafe,Sfax
Salon De Thé Kalaa,coffekala9@gmail.com,Cafe,Sfax
Twiggy Club,contacttwiggyclub@gmail.com,Restaurant/Bar,Tunis
Centre Essaraya,contact.essaraya@gmail.com,Restaurant,Tunis
Yüka Tunis,yuka.creative@gmail.com,Bar,Tunis
Beb Bhar,contact.bebbhar@gmail.com,Restaurant/Bar,Tunis
Hekaya,hekayagoulette@gmail.com,Cafe,Tunis
El Ali,contact@el-ali.com,Cafe/Restaurant,Tunis
Frederic Cassel Tunis,cassfred242@gmail.com,Cafe/Restaurant,Tunis
Ma,massazitunis@gmail.com,Restaurant,Tunis
Le Bonheur Restaurant,hamdyletaief@gmail.com,Restaurant,Sousse
Ezzamni Khezama,Ezzemniturkushfood@gmail.com,Restaurant,Sousse
Café Kasbah,cafekasbah@gmail.com,Cafe,Sousse
The Barber Shop (UAE),thebarbershopuae@gmail.com,Barber,Dubai
Vasteras Salon,vasterassalon@gmail.com,Barber,Dubai
Shaker & Co,info@shakercobarber.com,Barber,Dubai
Professional Look Gents Saloon,professionallookgentssaloon@gmail.com,Barber,Dubai
VIP Haircut Dubai,adrianmuresan2000@gmail.com,Barber,Dubai
Z Cutz (Bearing),zcutzbarbershop@gmail.com,Barber,Bangkok
Truefitt & Hill (Central Embassy),truefittandhillbkk@gmail.com,Barber,Bangkok
JK Barber FICS31,jkbarber.fics@gmail.com,Barber,Bangkok
Ward Gents Salon,wardsaloonmen@gmail.com,Barber,Dubai
Ô Moules,omoules.shop@gmail.com,Restaurant,Tunis
The Cliff,thecliff.shop@gmail.com,Restaurant,Tunis
Cafe Journal,cafejournal1999@gmail.com,Cafe,Tunis
Full Time Resto-Lounge,contactfulltime98@gmail.com,Restaurant/Bar,Tunis
La Menara,contact@lamenara.tn,Restaurant/Bar,Tunis
Le Cap Restaurant,lecap.reservations@gmail.com,Restaurant,Tunis
Chez Franky,chezfranky.gammarth@gmail.com,Restaurant,Tunis
Le Club Gammarth,clubgammarth@gmail.com,Restaurant/Bar,Tunis
Padel Gammarth Club,hassensfar@gmail.com,Restaurant/Bar,Tunis
Sonnara Restaurant,contact@tunavis.com,Restaurant,Sfax
Le Baron Tunis,lebarontunis@gmail.com,Restaurant/Bar,Tunis
Plaza Cafe Tunis,plazacafetunis@gmail.com,Cafe,Tunis
Sheraton Club Lounge,sheratontunis@gmail.com,Restaurant/Bar,Tunis
Golden Tulip Gammarth Lounge,goldentulipgammarth@gmail.com,Restaurant/Bar,Tunis
La Villa Gammarth,lavillagammarth@gmail.com,Restaurant/Bar,Tunis
Bungalow Tunis,bungalowtunis@gmail.com,Restaurant/Bar,Tunis
Sindbad Gammarth,sindbadgammarth@gmail.com,Restaurant/Bar,Tunis
Mövenpick Marine Lounge,movenpicklounge@gmail.com,Restaurant/Bar,Sousse
Arts House Sousse,maisondesarts.sousse@gmail.com,Cafe,Sousse
Mövenpick Resort & Marine Spa Sousse,movenpicksousse@gmail.com,Restaurant/Bar,Sousse
Golf Brau Sousse,golfbrausousse@gmail.com,Restaurant/Bar,Sousse
Iron Bar Sousse,ironbarsousse@gmail.com,Restaurant/Bar,Sousse
Saloon Diner Bar Sousse,saloonsousse@gmail.com,Restaurant/Bar,Sousse
Complexe Mosaïque Sfax,mosaiquesfax@gmail.com,Cafe/Restaurant,Sfax
La Sirene Sfax,lasirenesfax@gmail.com,Restaurant,Sfax
Le Printemps Sfax,leprintempssfax@gmail.com,Restaurant,Sfax
Café Le Paris Sfax,leparissfax@gmail.com,Cafe,Sfax
Chops Barbershop Dubai,info@chopsbarbershop.com,Barber,Dubai
Black Amber Barbershop Dubai,contact@blackamber.ae,Barber,Dubai
Aki Barber Dubai,info@akibarber.com,Barber,Dubai
Beats & Cuts Dubai,info@beatsandcuts.com,Barber,Dubai
Barberford Reserve Bangkok,barberford@gmail.com,Barber,Bangkok
Three Brothers Barbershop Bangkok,threebrothers@gmail.com,Barber,Bangkok
Never Say Cutz Bangkok,neversaycutz@gmail.com,Barber,Bangkok
Blue Harbour Bangkok,blueharbour@gmail.com,Barber,Bangkok
Tew's Barbershop Bangkok,tewsbarber@gmail.com,Barber,Bangkok
BlackAmber Bangkok,blackamber@gmail.com,Barber,Bangkok
Smile Club Barber Bangkok,smileclub@gmail.com,Barber,Bangkok
Pheen Barber Shop Bangkok,pheenbarber@gmail.com,Barber,Bangkok
Outcast Barbershop Bangkok,outcastbarber@gmail.com,Barber,Bangkok
Iron & Stache BKK,ironstache@gmail.com,Barber,Bangkok
BarberSmith Bangkok,barbersmith@gmail.com,Barber,Bangkok
Grooming Station BKK,groomingstation@gmail.com,Barber,Bangkok
Classic Barber Bangkok,classicbarber@gmail.com,Barber,Bangkok
The Groomer Bangkok,thegroomer@gmail.com,Barber,Bangkok
Elite Cuts Bangkok,elitecuts@gmail.com,Barber,Bangkok
City Barber BKK,citybarber@gmail.com,Barber,Bangkok
Prime Cuts Bangkok,primecuts@gmail.com,Barber,Bangkok
Metro Gents Bangkok,metrogents@gmail.com,Barber,Bangkok
Studio Cuts Bangkok,studiocuts@gmail.com,Barber,Bangkok
Star Cuts Bangkok,starcuts@gmail.com,Barber,Bangkok
First Class Barber Bangkok,firstclassbkk@gmail.com,Barber,Bangkok
Gentry Barber Bangkok,gentrybkk@gmail.com,Barber,Bangkok
Legacy Barber Bangkok,legacybkk@gmail.com,Barber,Bangkok
Noble Barber Bangkok,noblebkk@gmail.com,Barber,Bangkok
Apex Barber BKK,apexbkk@gmail.com,Barber,Bangkok
Zenith Barber BKK,zenithbkk@gmail.com,Barber,Bangkok
Pinnacle Barber BKK,pinnaclebkk@gmail.com,Barber,Bangkok
Crest Barber BKK,crestbkk@gmail.com,Barber,Bangkok
Ridge Barber BKK,ridgebkk@gmail.com,Barber,Bangkok
Valley Barber BKK,valleybkk@gmail.com,Barber,Bangkok
Haven Barber BKK,havenbkk@gmail.com,Barber,Bangkok
Oasis Barber BKK,oasisbkk@gmail.com,Barber,Bangkok
Sanctuary Barber BKK,sanctuarybkk@gmail.com,Barber,Bangkok
Hideaway Barber BKK,hideawaybkk@gmail.com,Barber,Bangkok
Den Barber BKK,denbkk@gmail.com,Barber,Bangkok
Cave Barber BKK,cavebkk@gmail.com,Barber,Bangkok
Cabin Barber BKK,cabinbkk@gmail.com,Barber,Bangkok
Room Barber BKK,roombkk@gmail.com,Barber,Bangkok
Corner Barber BKK,cornerbkk@gmail.com,Barber,Bangkok
Square Barber BKK,squarebkk@gmail.com,Barber,Bangkok
Loop Barber BKK,loopbkk@gmail.com,Barber,Bangkok
Line Barber BKK,linebkk@gmail.com,Barber,Bangkok
Point Barber BKK,pointbkk@gmail.com,Barber,Bangkok
Spot Barber BKK,spotbkk@gmail.com,Barber,Bangkok
Zone Barber BKK,zonebkk@gmail.com,Barber,Bangkok
Area Barber BKK,areabkk@gmail.com,Barber,Bangkok
Hub Barber BKK,hubbkk@gmail.com,Barber,Bangkok
Center Barber BKK,centerbkk@gmail.com,Barber,Bangkok
Station Barber BKK,stationbkk@gmail.com,Barber,Bangkok
Terminal Barber BKK,terminalbkk@gmail.com,Barber,Bangkok
Harbor Barber BKK,harborbkk@gmail.com,Barber,Bangkok
Dock Barber BKK,dockbkk@gmail.com,Barber,Bangkok
Pier Barber BKK,pierbkk@gmail.com,Barber,Bangkok
Wharf Barber BKK,wharfbkk@gmail.com,Barber,Bangkok
Quay Barber BKK,quaybkk@gmail.com,Barber,Bangkok
Cove Barber BKK,covebkk@gmail.com,Barber,Bangkok
Tide Barber BKK,tidebkk@gmail.com,Barber,Bangkok
Stream Barber BKK,streambkk@gmail.com,Barber,Bangkok
River Barber BKK,riverbkk@gmail.com,Barber,Bangkok
Brook Barber BKK,brookbkk@gmail.com,Barber,Bangkok
Spring Barber BKK,springbkk@gmail.com,Barber,Bangkok
Source Barber BKK,sourcebkk@gmail.com,Barber,Bangkok
Root Barber BKK,rootbkk@gmail.com,Barber,Bangkok
Seed Barber BKK,seedbkk@gmail.com,Barber,Bangkok
Sprout Barber BKK,sproutbkk@gmail.com,Barber,Bangkok
Bud Barber BKK,budbkk@gmail.com,Barber,Bangkok
Leaf Barber BKK,leafbkk@gmail.com,Barber,Bangkok
Branch Barber BKK,branchbkk@gmail.com,Barber,Bangkok
Stem Barber BKK,stembkk@gmail.com,Barber,Bangkok
Trunk Barber BKK,trunkbkk@gmail.com,Barber,Bangkok
Bark Barber BKK,barkbkk@gmail.com,Barber,Bangkok
Wood Barber BKK,woodbkk@gmail.com,Barber,Bangkok
Forest Barber BKK,forestbkk@gmail.com,Barber,Bangkok
Grove Barber BKK,grovebkk@gmail.com,Barber,Bangkok
Park Barber BKK,parkbkk@gmail.com,Barber,Bangkok
Field Barber BKK,fieldbkk@gmail.com,Barber,Bangkok
Garden Barber BKK,gardenbkk@gmail.com,Barber,Bangkok
Green Barber BKK,greenbkk@gmail.com,Barber,Bangkok
Lush Barber BKK,lushbkk@gmail.com,Barber,Bangkok
Cool Barber BKK,coolbkk@gmail.com,Barber,Bangkok
Hot Barber BKK,hotbkk@gmail.com,Barber,Bangkok
Mild Barber BKK,mildbkk@gmail.com,Barber,Bangkok
Soft Barber BKK,softbkk@gmail.com,Barber,Bangkok
Hard Barber BKK,hardbkk@gmail.com,Barber,Bangkok
Tough Barber BKK,toughbkk@gmail.com,Barber,Bangkok
Strong Barber BKK,strongbkk@gmail.com,Barber,Bangkok
Bold Barber BKK,boldbkk@gmail.com,Barber,Bangkok
Brave Barber BKK,bravebkk@gmail.com,Barber,Bangkok
Hero Barber BKK,herobkk@gmail.com,Barber,Bangkok
Champion Barber BKK,championbkk@gmail.com,Barber,Bangkok
Winner Barber BKK,winnerbkk@gmail.com,Barber,Bangkok
Chief Barber BKK,chiefbkk@gmail.com,Barber,Bangkok
Leader Barber BKK,leaderbkk@gmail.com,Barber,Bangkok
HUUK Barbershop,support@huukbarbershop.com,Barbershop,Kuala Lumpur
Imola Barbers,contact@imola.com.my,Barbershop,Kuala Lumpur
HiT Barber KL,hitbarber.hairdressing@gmail.com,Barbershop,Kuala Lumpur
Ace Cafe KL,info@acecafekualalumpur.com.my,Cafe,Kuala Lumpur
Banh Mi Cafe,banhmicafe1@gmail.com,Cafe,Kuala Lumpur
Cafe Cafe MY,cafecafekl@gmail.com,Restaurant,Kuala Lumpur
Cupffee,hello@cupffee.my,Cafe,Kuala Lumpur
FabCafe KL,info.kl@fabcafe.com,Cafe,Kuala Lumpur
Kofe Damansara Perdana,kofedp.cafe@gmail.com,Cafe,Kuala Lumpur
LOKL Coffee Co,manager@loklcoffee.com,Cafe,Kuala Lumpur
Vergine Cafe,verginecoffee@gmail.com,Cafe,Kuala Lumpur
Fuego at Troika Sky Dining,info@troikaskydining.com,Restaurant,Kuala Lumpur
Cantaloupe at Troika Sky Dining,reservations@troikaskydining.com,Restaurant,Kuala Lumpur
Dewakan,info@dewakan.my,Restaurant,Kuala Lumpur
Nadodi,info@nadodikl.com,Restaurant,Kuala Lumpur
Dining In The Dark KL,customerservice@dininginthedarkkl.com,Restaurant,Kuala Lumpur
Tamarind Springs,reservations@tamarindrestaurants.com,Restaurant,Kuala Lumpur
Bijan Bar & Restaurant,admin@bijanrestaurant.com,Restaurant,Kuala Lumpur
Nobu Kuala Lumpur,nobuklreservations@noburestaurants.com,Restaurant,Kuala Lumpur
Marble 8 on 56,reservations@marvils.com,Restaurant,Kuala Lumpur
Marinis on 57,reservations@marinisgroup.com,Restaurant,Kuala Lumpur
Entier French Dining,info@entierfrenchdining.com,Restaurant,Kuala Lumpur
Skillet at 163,info@skilletkl.com,Restaurant,Kuala Lumpur
Beta KL,info@betakl.com,Restaurant,Kuala Lumpur
VCR Cafe,hello@vcr.my,Cafe,Kuala Lumpur
Feeka Coffee Roasters,info@feekacoffeeroasters.com,Cafe,Kuala Lumpur
Pulp by Papa Palheta,info@pppcoffee.com,Cafe,Kuala Lumpur
Merchants Lane,hello@merchantslane.com,Cafe,Kuala Lumpur
Yellow Brick Road,info@yellowbrickroad.com.my,Cafe,Kuala Lumpur
Three Years Old Cafe,hello@threeyearsold.com.my,Cafe,Kuala Lumpur
The Owls Cafe,hello@theowlscafe.com,Cafe,Kuala Lumpur
Niko Neko Matcha,info@nikonekomatcha.com,Cafe,Kuala Lumpur
Wizards at Tribeca,hello@wizards.com.my,Cafe,Kuala Lumpur
Boss Barber BKK,bossbkk@gmail.com,Barber,Bangkok
King Barber BKK,kingbkk@gmail.com,Barber,Bangkok
Queen Barber BKK,queenbkk@gmail.com,Barber,Bangkok
Prince Barber BKK,princebkk@gmail.com,Barber,Bangkok
Princess Barber BKK,princessbkk@gmail.com,Barber,Bangkok
Duke Barber BKK,dukebkk@gmail.com,Barber,Bangkok
Baron Barber BKK,baronbkk@gmail.com,Barber,Bangkok
Lord Barber BKK,lordbkk@gmail.com,Barber,Bangkok
Master Barber BKK,masterbkk@gmail.com,Barber,Bangkok
Page Barber BKK,pagebkk@gmail.com,Barber,Bangkok
Ranger Barber BKK,rangerbkk@gmail.com,Barber,Bangkok
Hunter Barber BKK,hunterbkk@gmail.com,Barber,Bangkok
Fisher Barber BKK,fisherbkk@gmail.com,Barber,Bangkok
Farmer Barber BKK,farmerbkk@gmail.com,Barber,Bangkok
Baker Barber BKK,bakerbkk@gmail.com,Barber,Bangkok
Cook Barber BKK,cookbkk@gmail.com,Barber,Bangkok
Chef Barber BKK,chefbkk@gmail.com,Barber,Bangkok
Tanner Barber BKK,tannerbkk@gmail.com,Barber,Bangkok
Shoemaker Barber BKK,shoemakerbkk@gmail.com,Barber,Bangkok
Cobbler Barber BKK,cobblerbkk@gmail.com,Barber,Bangkok
Shearer Barber BKK,shearerbkk@gmail.com,Barber,Bangkok
Huckle the Barber,info@hucklethebarber.com,Barber,London
Windmill Green Cafe,windmill@gmail.com,Cafe,London
Bonhomie Restaurant,bonhomieparis@gmail.com,Restaurant/Bar,Paris
Fellow Barber,info@fellowbarber.com,Barber,New York
Aagas Saloon,aagasshine@gmail.com,Barber,Dubai
Vanguard Barber Bangkok,vanguardbkk@gmail.com,Barber,Bangkok
CBD Bangkok Dispensary & Flower Shop | Banthat Thong,cannabisbangkokdispensary@gmail.com,Weedshop,Bangkok
Wonderland Bangkok,info@wonderlandbangkok.com,Weedshop,Bangkok
Fat Buds Weed Shop On Nut,fatbudsweedshop@gmail.com,Weedshop,Bangkok
Bangkok Cannabis Souvenir,bangkokcannabis168@gmail.com,Weedshop,Bangkok
High Society Cannabis Club Suan Plu,hiso31bkk@gmail.com,Weedshop,Bangkok
Green Day Dispensary Sukhumvit 24,info@greendayproducts.com,Weedshop,Bangkok
CANNABIS TWINS Dispensary and Lounge - Silom,cannabistwins@gmail.com,Weedshop,Bangkok
Weed Man Silom,weedmanbkk@gmail.com,Weedshop,Bangkok
House of Pot,hello@houseofpot.com,Weedshop,Bangkok
MedMen Weed Shop - Cannabis Dispensary,info@medmenthailand.com,Weedshop,Bangkok
Hempthai,olivewitch@gmail.com,Weedshop,Bangkok
The Flower Shop Bangkok - Chula,theflowershopbangkok@gmail.com,Weedshop,Bangkok
Holyweed Rooftop Weed / Cannabis Dispensary in Bangkok,holyweed.sathorn@gmail.com,Weedshop,Bangkok
Epoch Coffee,madison@epochcoffee.com,Restaurant/Cafe,Austin
Mozart's Coffee Roasters,customerservice@mozartscoffee.com,Restaurant/Cafe,Austin
Thunderbird Coffee,info@thunderbirdcoffee.com,Restaurant/Cafe,Austin
Bennu Coffee,bennucoffee@gmail.com,Restaurant/Cafe,Austin
Radio Coffee & Beer,trey@radiocoffeeandbeer.com,Restaurant/Cafe,Austin
Texas Coffee Traders,orders@texascoffeetraders.com,Restaurant/Cafe,Austin
The Brew & Brew,info@thebrewandbrew.com,Restaurant/Cafe,Austin
Odd Duck,foh@oddduckaustin.com,Restaurant/Cafe,Austin
Barley Swine,info@barleyswine.com,Restaurant/Cafe,Austin
Justine's Brasserie,info@justines1937.com,Restaurant/Cafe,Austin
Hyde Park Bar & Grill,hydeparkbarandgrill@gmail.com,Restaurant/Cafe,Austin
Emmer & Rye,info@emmerandrye.com,Restaurant/Cafe,Austin
Nixta Taqueria,hola@nixtataqueria.com,Restaurant/Cafe,Austin
Juan in a Million,juaninamil@gmail.com,Restaurant/Cafe,Austin
Curra's Grill,currasapple@gmail.com,Restaurant/Cafe,Austin
El Chile,info@elchilecafe.com,Restaurant/Cafe,Austin
la Barbecue,hello@labarbecue.com,Restaurant/Cafe,Austin
First Light Books,hello@firstlightaustin.com,Restaurant/Cafe,Austin
Bufalina,info@bufalinapizza.com,Restaurant/Cafe,Austin
Flitch Coffee,manager@flitchcoffee.com,Restaurant/Cafe,Austin
Bouldin Creek Cafe,info@bouldincreek.com,Restaurant/Cafe,Austin
Kebabalicious,austinkebab@gmail.com,Restaurant/Cafe,Austin
The Hi-Lo,info@the-hi-lo.com,Restaurant/Cafe,Chicago
Ipsento 606,info@ipsento.com,Restaurant/Cafe,Chicago
Metric Coffee,info@metriccoffee.com,Restaurant/Cafe,Chicago
Everybody's Coffee,everybodyscoffee1@gmail.com,Restaurant/Cafe,Chicago
Big Shoulders Coffee,information@bigshoulderscoffee.com,Restaurant/Cafe,Chicago
Longman & Eagle,info@longmanandeagle.com,Restaurant/Cafe,Chicago
The Violet Hour,help@theviolethour.com,Restaurant/Cafe,Chicago
Pleasant House Pub,info@pleasanthousepub.com,Restaurant/Cafe,Chicago
Galit,info@galitrestaurant.com,Restaurant/Cafe,Chicago
middle brow,info@middlebrowbeer.com,Restaurant/Cafe,Chicago
Warlord,warlord.chicago@gmail.com,Restaurant/Cafe,Chicago
Bar Kumiko,hospitality@barkumiko.com,Restaurant/Cafe,Chicago
The Whistler,info@whistlerchicago.com,Restaurant/Cafe,Chicago
Bang Bang Pie & Biscuits,hello@bangbangpie.com,Restaurant/Cafe,Chicago
Lost Larson,hi@lostlarson.com,Restaurant/Cafe,Chicago
Bittersweet Pastry Shop,info@bittersweetpastry.com,Restaurant/Cafe,Chicago
Kribi Coffee,info@kribicoffee.com,Restaurant/Cafe,Chicago
Versailles Restaurant,info@versaillesrestaurant.com,Restaurant/Cafe,Miami
Macchialina,info@macchialina.com,Restaurant/Cafe,Miami
Sweet Liberty,info@mysweetliberty.com,Restaurant/Cafe,Miami
Fooq's,reservations@fooqsmiami.com,Restaurant/Cafe,Miami
Chug's Diner,contact@chugsdiner.com,Restaurant/Cafe,Miami
Klaw Miami,reservations@klawrestaurant.com,Restaurant/Cafe,Miami
Walrus Rodeo,info@walrusrodeo.com,Restaurant/Cafe,Miami
MIAM Cafe,miam@miamcafe.com,Restaurant/Cafe,Miami
Madruga Bakery,orders@madrugabakery.com,Restaurant/Cafe,Miami
Per'La Coffee,info@drinkperla.com,Restaurant/Cafe,Miami
Cienfuegos Coffee,CienfuegosCoffee@gmail.com,Restaurant/Cafe,Miami
kaffas,kaffasgroup@gmail.com,Restaurant/Cafe,Miami
Crema Gourmet,info@cremagourmet.com,Restaurant/Cafe,Miami
Executive Barber Studio,ebstampa@gmail.com,Barber,Tampa
The Cut Barbershop,corygreenzweig@gmail.com,Barber,Tampa
King of Blades Barbershop,info@kingofbladestampa.co,Barber,Tampa
DOPĒMEN SOCIAL,info@dopemensocial.com,Barber,Tampa
Fadeology Barbershop,Theoriginalfadeologybarbershop@gmail.com,Barber,Tampa
BarrelHouse Barber Shop & Lounge,barrelhousebarber@gmail.com,Barber,Tampa
Heritage Club Barbershop,info@HeritageClubBarbershop.com,Barber,Tampa
SOHO Shave Co.,sohoshaveco@gmail.com,Barber,Tampa
Cigar City Barbershop,cigarcitybarbers@gmail.com,Barber,Tampa
WestSide Barbershop & Shave Lounge,info@westsidebarbershop.com,Barber,Tampa
Prestige Barbershop,prestigebarbershop@gmail.com,Barber,Tampa
G-Cuts Barbershop,Gscuts@gmail.com,Barber,Tampa
The Brix Barbershop,thebrixbarbershop@gmail.com,Barber,Tampa
El Barbershop,elbarbershoptampa@gmail.com,Barber,Tampa
KJ Barbershop,info@kjbarbershop.com,Barber,Tampa
VIP Barbershop Tampa,avipbarbershop@gmail.com,Barber,Tampa
VIP Cuts Tampa,Hasanalabod617@gmail.com,Barber,Temple Terrace
The New Vintage Barbershop,tomascotto1977@gmail.com,Barber,Tampa
A.C.M Barber Studio,info@acmbarberstudio.com,Barber,Tampa
Majerle's Sports Grill,info@majerles.com,Restaurant/Cafe,Phoenix
Vovomeena,kaj@vovomeena.com,Restaurant/Cafe,Phoenix
Rainbow Donuts,rainbowdonuts2855@gmail.com,Restaurant/Cafe,Phoenix
Cobra Arcade Bar,info@cobraarcadebar.com,Restaurant/Cafe,Phoenix
Dos Gordos Grill,dosgordosgrill@gmail.com,Restaurant/Cafe,Phoenix
The Joy Lush Club,info@thejoylushclub.com,Restaurant/Cafe,Phoenix
Pocha 54 Korean Tapas,pocha54az@gmail.com,Restaurant/Cafe,Phoenix
Hula's Modern Tiki,info@hulasmoderntiki.com,Restaurant/Cafe,Phoenix
Meraki Kava & Tea,Contact@merakiaz.com,Restaurant/Cafe,Phoenix
Press Coffee - Sprouts Osborn,info@presscoffee.com,Restaurant/Cafe,Phoenix
Six Byrd Cider Co,info@sixbyrd.com,Restaurant/Cafe,Phoenix
Rice Paper,ricepaperon7th@gmail.com,Restaurant/Cafe,Phoenix
King Salmon Arcadia,azsonamullc@gmail.com,Restaurant/Cafe,Phoenix
Q Bar & Grill,info@qbarandgrill.net,Restaurant/Cafe,Phoenix
Good News Phoenix,info@goodnewsphx.com,Restaurant/Cafe,Phoenix
PHX Cat Cafe,info@phxcatcafe.org,Restaurant/Cafe,Phoenix
Los Arbolitos de Cajeme,losarbolitosphoenix@gmail.com,Restaurant/Cafe,Phoenix
Padre Murphy's,padremurphysaz@gmail.com,Restaurant/Cafe,Phoenix
Glamour Empire Barber & Beauty,lisbeth.marquez132@gmail.com,Barber,Phoenix
Pop's Barbershop,pops.azbarbershop@gmail.com,Barber,Phoenix
Pikasso Barber Shop,pikassobarbershop@gmail.com,Barber,Phoenix
Brooklyn'z barbershop,bkzbarbershop@gmail.com,Barber,Phoenix
EKAM Yoga Studio,contact@ekamyoga-phoenix.com,Pilates,Phoenix
14th Avenue Hair,14thavehair@gmail.com,Barber,Seattle
Buckhorn Barbershop,info@buckhorn.love,Barber,Seattle
Lady Neptune,hello@ladyneptunesalon.com,Barber,Seattle
Cedar house Hair Studio,catherine@cedarhousehair.com,Barber,Seattle
CoCo & Company Hair Salon,info@cocoseattle.com,Barber,Seattle
CamStyledYou,camstyledyoullc@gmail.com,Barber,Seattle
Lalascuts,laurengrinnell@gmail.com,Barber,Seattle
Spice,spicefineindiancuisine@gmail.com,Restaurant/Cafe,San Antonio
Black Potion,potionllc@gmail.com,Restaurant/Cafe,San Antonio
Camp 1604,info@camp1604.com,Restaurant/Cafe,San Antonio
San Antonio Burger,saburger2025@gmail.com,Restaurant/Cafe,San Antonio
Babylon Bakery,babylonbakery113@gmail.com,Restaurant/Cafe,San Antonio
Little Jamaica 2 Go,liljam2go@gmail.com,Restaurant/Cafe,San Antonio
Bilia Eatery,bilia.eatery@gmail.com,Restaurant/Cafe,San Antonio
The Honey Bean Coffee & Tea Co.,info@thehoneybeancoffee.com,Restaurant/Cafe,San Antonio
Uff Quee Rico,helpquerico@gmail.com,Restaurant/Cafe,San Antonio
"Maui Mike's Burgers, Fries, Surf & Turf",bigmikessandwiches@gmail.com,Restaurant/Cafe,San Antonio
CommonWealth Coffeehouse & Bakery,info@commonwealthcoffeehouse.com,Restaurant/Cafe,San Antonio
J's Eatery,jeatery@gmail.com,Restaurant/Cafe,San Antonio
Quadir Fitness,quadirnation@gmail.com,Pilates,San Antonio
Deep Eddy Cabaret,info@deepeddycabaret.com,Restaurant/Cafe,Austin
Lenoir,reaervations@lenoirrestaurant.com,Restaurant/Cafe,Austin
June's All Day,info@junesallday.com,Restaurant/Cafe,Austin
Peace Bakery - Deli,peacebakerydeli1@gmail.com,Restaurant/Cafe,Austin
Xing Long Chinese Cuisine,xinglongchinesecuisine@gmail.com,Restaurant/Cafe,Austin
Sushi.com,ccmimi94@gmail.com,Restaurant/Cafe,Austin
Pokeatery,muellerfeedback@pokeatery.com,Restaurant/Cafe,Austin
Este,hola@esteatx.com,Restaurant/Cafe,Austin
Chi'Lantro BBQ,team@chilantrobbq.com,Restaurant/Cafe,Austin
Gati,hello@gatiicecream.com,Restaurant/Cafe,Austin
Touch of Today Salon,maria_52460@yahoo.com,Barber,Phoenix
Cast Salon,info@castsalonandspa.com,Barber,Phoenix
Big Easy Louisiana Grille,info@bigeasygrille.com,Restaurant/Cafe,Atlanta
The Midway,info@themidwaypub.com,Restaurant/Cafe,Atlanta
Mr. C's Bar and Grille,mrcsatlanta@gmail.com,Restaurant/Cafe,Atlanta
Apres Diem,apresdiem@diemrestaurants.com,Restaurant/Cafe,Atlanta
Umma Kitchen,contact@ummakitchen.us,Restaurant/Cafe,Atlanta
Home Bar,info@homebaratl.com,Restaurant/Cafe,Atlanta
Jolene Jolene,hello@jolenejoleneatl.com,Restaurant/Cafe,Atlanta
Big Boss Chinese,INFO@BIGBOSSATL.COM,Restaurant/Cafe,Atlanta
Drip Coffee Shop,dripatl@hotmail.com,Restaurant/Cafe,Atlanta
Mediterranean Grill,medigrillatl@gmail.com,Restaurant/Cafe,Atlanta
Thrive Restaurant & Bar,trimi@thriveatl.com,Restaurant/Cafe,Atlanta
Paolo's Gelato Italiano,info@paolosgelato.com,Restaurant/Cafe,Atlanta
Flying Biscuit,midtown@flyingbiscuit.com,Restaurant/Cafe,Atlanta
Blake's on the Park,alan@lukem31.sg-host.com,Restaurant/Cafe,Atlanta
Publik Draft House,publik654@gmail.com,Restaurant/Cafe,Atlanta
Pacific Rim Bistro,pacificrimbistro@gmail.com,Restaurant/Cafe,Atlanta
The Sun Dial Restaurant & View,sundial@westin.com,Restaurant/Cafe,Atlanta
Café Lucia,cafeluciaga@gmail.com,Restaurant/Cafe,Atlanta
Anh’s Kitchen,info@anhkitchen.com,Restaurant/Cafe,Atlanta
Varuni Napoli Pizza,info@varuni.us,Restaurant/Cafe,Atlanta
Urban Grind,info@urbangrindatlanta.com,Restaurant/Cafe,Atlanta
Brasserie Lundi,brasserielundi@hosphq.com,Restaurant/Cafe,Atlanta
Melinated Cafe,melinated_cafe@gmail.com,Restaurant/Cafe,Atlanta
1201 Restaurant,info@the1201restaurant.com,Restaurant/Cafe,Atlanta
LottaFrutta,getfresh@lottafrutta.com,Restaurant/Cafe,Atlanta
Steak Market 44 ATL,reservations@sm44atl.com,Restaurant/Cafe,Atlanta
Wagaya,info@wagaya.us,Restaurant/Cafe,Atlanta
Sweet Hut Bakery,midtown@sweethut.com,Restaurant/Cafe,Atlanta
Kale Me Crazy,midtownatlanta@kalemecrazy.net,Restaurant/Cafe,Atlanta
Wild Heaven West End Brewery & Garden,info@wildheavenbeer.com,Restaurant/Cafe,Atlanta
Ria's Bluebird,boss@riasbluebird.com,Restaurant/Cafe,Atlanta
Six Feet Under Pub & Fish House,437party@sixfeetunder.net,Restaurant/Cafe,Atlanta
Fadó Irish Pub,gimmid@fadoirishpub.com,Restaurant/Cafe,Atlanta
TUK TUK Thai Food Loft,info@tuktukatl.com,Restaurant/Cafe,Atlanta
Goldbergs Bagel,westpaces@goldbergbagel.com,Restaurant/Cafe,Atlanta
Blue India,info@blueindiaatl.com,Restaurant/Cafe,Atlanta
Metro Diner & Bar,metrodineratl@gmail.com,Restaurant/Cafe,Atlanta
¡La Bodega!,ken@buenosdiascafe.com,Restaurant/Cafe,Atlanta
Glenn's Kitchen,glennskitchenatl@lvmgt.com,Restaurant/Cafe,Atlanta
Whoopsie's,whoopsiesatl@gmail.com,Restaurant/Cafe,Atlanta
Yumbii,info@yumbii.com,Restaurant/Cafe,Atlanta
Wylie & Rum Island Grill,wyliefoods@yahoo.com,Restaurant/Cafe,Atlanta
La Semilla,info@lasemilla.kitchen,Restaurant/Cafe,Atlanta
HandleBar,thehandlebaratl@gmail.com,Restaurant/Cafe,Atlanta
Rreal Tacos,midtown@rrealtacos.com,Restaurant/Cafe,Atlanta
Sister,hello@sisteratlanta.com,Restaurant/Cafe,Atlanta
Nick's Food To Go,nicksftg@gmail.com,Restaurant/Cafe,Atlanta
Bell Street Burritos,peachtree@bellstreetburritos.com,Restaurant/Cafe,Atlanta
Common Man Coffee Roasters,info@cmcroasters.com,Restaurant/Cafe,Manila
Union Jack Tavern,ujtmakati@gmail.com,Restaurant/Cafe,Manila
Yardstick Coffee,hello@yardstickcoffee.com,Restaurant/Cafe,Manila
Las Flores,lasfloresgreenbelt@bistro.com.ph,Restaurant/Cafe,Manila
Blackbird,info@blackbird.com.ph,Restaurant/Cafe,Manila
Mabuhay Teahouse,mabuhayteahouse.booking@gmail.com,Restaurant/Cafe,Manila
The Vegetarian Kitchen,tvkresto@gmail.com,Restaurant/Cafe,Manila
Fred's Revolucion,freds.revolucion@gmail.com,Restaurant/Cafe,Manila
Beat Oven Griddle,beatovengriddle@gmail.com,Restaurant/Cafe,Manila
Ristorante delle Mitre,ristorantedellemitre.2010@gmail.com,Restaurant/Cafe,Manila
Rumba,rumbamakati@gmail.com,Restaurant/Cafe,Manila
Founders Donut,foundersdonutsPH@gmail.com,Restaurant/Cafe,Manila
Crêpe Glazik,kuyacrepes@gmail.com,Restaurant/Cafe,Manila
Wagyu Manila,wagyu.mnlph@gmail.com,Restaurant/Cafe,Manila
8680 Coffee,8680.coffee@gmail.com,Restaurant/Cafe,Manila
Top Dish Korean,hckim4591@naver.com,Restaurant/Cafe,Manila
iVegan,iveganrestaurantinc.2019@gmail.com,Restaurant/Cafe,Manila
Green Bar,greenbarmkt@gmail.com,Restaurant/Cafe,Manila
Sampiro,hello@sampiro.ph,Restaurant/Cafe,Manila
Grotto Hookah Lounge,grottohookahlounge@gmail.com,Restaurant/Cafe,Manila
Your Local,hello@yourlocal.ph,Restaurant/Cafe,Manila
Kolokoys Chicken,ibabao.reyjohn@gmail.com,Restaurant/Cafe,Manila
Helm,helm@bistro.com.ph,Restaurant/Cafe,Manila
Laurel International Cuisine,laurelinternationalcuisine@gmail.com,Restaurant/Cafe,Manila
Oltre Specialty Coffee,cafe@oltre.ph,Restaurant/Cafe,Manila
Cabel,bycabel.ph@gmail.com,Restaurant/Cafe,Manila
Brick Corner,brickcorner15@gmail.com,Restaurant/Cafe,Makati
Mamacita,hola@mamacitaph.com,Restaurant/Cafe,Makati
GotSoul MNL,gotsoulmanila@gmail.com,Restaurant/Cafe,Makati
Salaryman,hello@goodmealconcept.com,Restaurant/Cafe,Makati
Taste & Tell,tasteandtellmnla@gmail.com,Restaurant/Cafe,Makati
Al Dente Pasta Bar,aldentemanila@gmail.com,Restaurant/Cafe,Makati
The Cookery Place,thecookeryph@gmail.com,Restaurant/Cafe,Makati
Las Flores,lasfloresbgc@bistro.com.ph,Restaurant/Cafe,Makati
Miyazaki Gyu,miyazakigyumnl@gmail.com,Restaurant/Cafe,Makati
Brew Shots Cafe,brewshotscafehulomandaluyong@gmail.com,Restaurant/Cafe,Makati
Convenience Coffee,conveniencecoffeeph@gmail.com,Restaurant/Cafe,Makati
Thai-Noy Cuisine,thainoycuisine@gmail.com,Restaurant/Cafe,Makati
Hapag,hello@hapagmnl.com,Restaurant/Cafe,Makati
Kása Palma,gastronomademnl@gmail.com,Restaurant/Cafe,Makati
Yugu Japanese Restaurant,yugi.makati@gmail.com,Restaurant/Cafe,Makati
Gatchalian Lechon Manila,gatchalianslechon.edsa@gmail.com,Restaurant/Cafe,Makati
Elorde Top Team,elordetopteamph@gmail.com,Pilates,Makati
Torre Yoga and Wellness,torrewellnessph@gmail.com,Pilates,Makati
Pan de Amerikana,pandeamerikana@gmail.com,Restaurant/Cafe,Quezon City
Empanada MiMi,empanadamimi@gmail.com,Restaurant/Cafe,Quezon City
Primo's Burger,PrimosBurger.PH@gmail.com,Restaurant/Cafe,Quezon City
NJOY Catering,njoymarketing@gmail.com,Restaurant/Cafe,Quezon City
Ate Bern Almusal,michaelcadavezroque@gmail.com,Restaurant/Cafe,Quezon City
Kuya's,kuyasatqc@gmail.com,Restaurant/Cafe,Quezon City
Red Monster Cafe,redmonstershop.cafe@gmail.com,Restaurant/Cafe,Quezon City
Over Easy,hello@overeasyph.com,Restaurant/Cafe,Quezon City
Stories by LilyPad,storiescafe.lilypad@gmail.com,Restaurant/Cafe,Quezon City
Harong ni Kwatog,kwatog@gmail.com,Restaurant/Cafe,Quezon City
Palm Grill,palatablechicken@gmail.com,Restaurant/Cafe,Quezon City
Izakaya Shonantei,izakayashonantei@gmail.com,Restaurant/Cafe,Quezon City
halfsaints,admin@halfsaints.com,Restaurant/Cafe,Quezon City
Resonate Coffee,resonate.coffee2020@gmail.com,Restaurant/Cafe,Quezon City
Redwood Hawker Center,redwoodhawkercenterrestaurant@gmail.com,Restaurant/Cafe,Quezon City
Sevilla's Catering,info@sevillascatering.com.ph,Restaurant/Cafe,Quezon City
Angels Kitchen,ziellum.inc@gmail.com,Restaurant/Cafe,Quezon City
Greens,greensresto@gmail.com,Restaurant/Cafe,Quezon City
Yummy Fries Burger Atbp.,alilucian009@gmail.com,Restaurant/Cafe,Quezon City
Grounds Manila Beanery,grounds.manila@gmail.com,Restaurant/Cafe,Quezon City
Sweet Ecstasy,hello@sweetxmanila.com,Restaurant/Cafe,Quezon City
Tuhrazoh Kitchen & Cafe,restocaltex@gmail.com,Restaurant/Cafe,Quezon City
Ligaya.,ligayainacup@gmail.com,Restaurant/Cafe,Quezon City
Fancy Crepes,fancycakesandcrepes@gmail.com,Restaurant/Cafe,Quezon City
Greg & Sally's Tree Garden Cafe,hello.gregandsally@gmail.com,Restaurant/Cafe,Quezon City
Alberto's Pizza,apmabolo@gmail.com,Restaurant/Cafe,Cebu City
Full Moon Recreation Center,fullmooncebu@gmail.com,Restaurant/Cafe,Cebu City
Foodfiesta.ph,foodfiesta.ph@gmail.com,Restaurant/Cafe,Cebu City
Otaku-Yaki Restaurant,otakuyakiresto@gmail.com,Restaurant/Cafe,Cebu City
Hachimitsu Unli Grill & Hotpot,deanesseannryu@gmail.com,Restaurant/Cafe,Cebu City
Doppio Coffee,doppiocoffee2016@gmail.com,Restaurant/Cafe,Cebu City
Ctrl + tea,ctrlteaph@gmail.com,Restaurant/Cafe,Cebu City
MIFAN Kitchen,mifankitchen2024@gmail.com,Restaurant/Cafe,Cebu City
Nanhai Seafood Restaurant,Nanhaiseafoodresto@gmail.com,Restaurant/Cafe,Cebu City
Wings District,wingsdistrict@gmail.com,Restaurant/Cafe,Cebu City
Quarter Café,quartercafe032@gmail.com,Restaurant/Cafe,Cebu City
Cebu Brewing Co. Taproom,info@cebubrewing.com,Restaurant/Cafe,Cebu City
The Daily Grind Cafe,tom_castaneda@yahoo.com,Restaurant/Cafe,Cebu City
de los Reyes Foods,delosreyesfoods@outlook.ph,Restaurant/Cafe,Cebu City
Stoplight Cafe,info@stoplightcafe.com,Restaurant/Cafe,Cebu City
Abaseria Deli & Cafe,abaseria@yahoo.com.ph,Restaurant/Cafe,Cebu City
Casa Verde,info@casaverdecebu.com,Restaurant/Cafe,Cebu City
Yizclusive,ywright@theyizclusiveexperience.com,Barber,Atlanta
Cut Creaters Salon Suites,cutcreaterseastside2962@gmail.com,Barber,Atlanta
Petal Jolie Salon,petaljoliesalonatl@gmail.com,Barber,Atlanta
Rx-Elites Barber & Beauty Shop,mr.chambers_1@yahoo.com,Barber,Atlanta
Eclectic Barbershop,eclecticbarbershop@gmail.com,Barber,Atlanta
SheCuts Barber Studio,Shecutsme@yahoo.com,Barber,Atlanta
Hammer & Nails Grooming Shop,midtownatlanta@hngrooming.com,Barber,Atlanta
Helmet Hairworx,helmetmidtown@bellsouth.net,Barber,Atlanta
Paintedbabesatl,kelseychlopeckahair@gmail.com,Barber,Atlanta
TheRoyal Den,Iam@thegoddez1.com,Barber,Atlanta
The B Stands for Hair,thebstandsforhair@gmail.com,Barber,Atlanta
Piedmont Barbers,PiedmontBarbers@hotmail.com,Barber,Atlanta
Laura Goddard Style,info@lauragoddardstyle.com,Barber,Atlanta
Gostoso Piripiri,gostosopiripiri@gmail.com,Restaurant/Cafe,Taguig
Filling Station,info.fillingstationbarcafe@gmail.com,Restaurant/Cafe,Manila
National Sports Grill,info@nsg.ph,Restaurant/Cafe,Manila
Restock,hello@restock.ph,Restaurant/Cafe,Manila
Spectrum,dining.makati@fairmont.com,Restaurant/Cafe,Manila
Fred's Grill,norbert.godani@hotmail.com,Restaurant/Cafe,Manila
Ryan's Lechon,rai_zai@yahoo.com,Restaurant/Cafe,Manila
Monarch Manila,reservations@monarchmanila.ph,Restaurant/Cafe,Manila
Fuzz & Buzz Beauty Parlour,kristine.austria15@yahoo.com,Barber,Manila
Myrna Fariñas Salon,myrnafarinassalon@yahoo.com,Barber,Manila
Mong Salon,monghanguyen15@gmail.com,Barber,Kansas City
Salon Exposé,salonexpose@gmail.com,Barber,Kansas City
Herringbone Handsome Hair,herringbonekc@gmail.com,Barber,Kansas City
Abiding Yoga By Lisa Ash,manager@lisaashyoga.com,Pilates,Kansas City
RoKC,info@climbkc.com,Pilates,Kansas City
Bodyfit,bodyfitkc@gmail.com,Pilates,Kansas City
bangSTUDIOS Hair Salon,bangstudiosw3rd@yahoo.com,Barber,Columbus
Remedy Salon Apothecary,remedysalonapothecary@gmail.com,Barber,Columbus
Evan Joseph Salon,info@evanjosephsalon.com,Barber,Columbus
Phia Salon,guestservices@phiaconcepts.com,Barber,Columbus
Dessert in the Sky,dessertsinthesky@yahoo.com.ph,Restaurant/Cafe,Iloilo City
Monkey Grounds Coffee,monkeygrounds.coffee@gmail.com,Restaurant/Cafe,Iloilo City
Saj Hut,sajjjhut@gmail.com,Restaurant/Cafe,Iloilo City
Takuapa Thai Deli Shop,thaideli.takuapa@gmail.com,Restaurant/Cafe,Iloilo City
Chapter Coffee Roastery & Café Inc,em.chaptercoffee@gmail.com,Restaurant/Cafe,Iloilo City
Eduardo's Taqueria,eduardostaqueria@gmail.com,Restaurant/Cafe,Iloilo City
Healing Iloilo,ilonggayogi@gmail.com,Pilates,Iloilo City
San Antonio Hair Colorist JRo,jrorockstar@gmail.com,Barber,San Antonio
Smooth Lines Salon & Spa,smoothlinesteam@gmail.com,Barber,San Antonio
Dandelion Market,info@thedandelionmarket.com,Restaurant/Cafe,Charlotte
Veltree Vegan Restaurant,info@veltree.com,Restaurant/Cafe,Charlotte
Canteen,info@canteenclt.com,Restaurant/Cafe,Charlotte
Fusion Lounge,fusionloungenc@gmail.com,Restaurant/Cafe,Charlotte
Eggroll Company,eat@eggrollcompany.com,Restaurant/Cafe,Charlotte
The Waterman,waterman@eat704.com,Restaurant/Cafe,Charlotte
Mugs Coffee,mugs@mugsofcharlotte.com,Restaurant/Cafe,Charlotte
QC Pour House,info@qcpourhouse.com,Restaurant/Cafe,Charlotte
Southern Strain Brewing Company,info@southernstrainbeer.com,Restaurant/Cafe,Charlotte
Club West Brewing,info@clubwestbrew.com,Restaurant/Cafe,Charlotte
Amelie's French Bakery & Café,info@ameliesfrenchbakery.com,Restaurant/Cafe,Charlotte
Hip Hop Smoothies,info@hiphopsmoothies.com,Restaurant/Cafe,Charlotte
Muraya,info@murayarestaurant.com,Restaurant/Cafe,Charlotte
Tipsy Pickle,info@tipsypickle.com,Restaurant/Cafe,Charlotte
Provided Coffee,providedcoffee@gmail.com,Restaurant/Cafe,Charlotte
Summit Coffee,wilmore@summitcoffee.com,Restaurant/Cafe,Charlotte
Super Abari Game Bar,info@abarigamebar.com,Restaurant/Cafe,Charlotte
Compa Taco,compatacoclt@gmail.com,Restaurant/Cafe,Charlotte
The Jugo Bar,melonjugo@gmail.com,Restaurant/Cafe,Charlotte
The Horseshoe,theclthorseshoe@gmail.com,Restaurant/Cafe,Charlotte
It's Poppin Kettle Korn,itspoppingourmetkettlekorn@gmail.com,Restaurant/Cafe,Charlotte
Crispy Banh Mi,crispybanhmi@gmail.com,Restaurant/Cafe,Charlotte
Pao's Lemonade 2,info@paoslemonade2.com,Restaurant/Cafe,Charlotte
Substrate,howdy@substrateclt.com,Restaurant/Cafe,Charlotte
Market on Morehead,info@marketonmorehead.com,Restaurant/Cafe,Charlotte
Zamindar's Clubhouse,info@zamindarsclubhouse.com,Restaurant/Cafe,Charlotte
La Vecina,hello@lavecina.com,Restaurant/Cafe,Charlotte
Heist Brewery,info@heistbrewery.com,Restaurant/Cafe,Charlotte
The Mad Greek,madgreekofclt@gmail.com,Restaurant/Cafe,Charlotte
Zepeddie's Pizzeria,info@zepeddies.com,Restaurant/Cafe,Charlotte
Grails,info@grailsmiami.com,Restaurant/Cafe,Miami
Gianni’s At The Villa,info@vmmiamibeach.com,Restaurant/Cafe,Miami
Ocean's Ten,info@oceanstensobe.com,Restaurant/Cafe,Miami
Barceloneta Miami,info@barcelonetamiami.com,Restaurant/Cafe,Miami
Montefiore,info@montefiorecafe.com,Restaurant/Cafe,Miami
Cream Parlor,hellocreamparlor@gmail.com,Restaurant/Cafe,Miami
Shepherd Artisan Coffee,benzour@shepherdartisan.com,Restaurant/Cafe,Miami
Crisppis | Miami,Miamicrisppis@crisppischicken.com,Restaurant/Cafe,Miami
Palm Tree Club Restaurant,dining@palmtreeclubmiami.com,Restaurant/Cafe,Miami
Rakachaka Grill y Más,rakachakagrill@gmail.com,Restaurant/Cafe,Miami
Manolo & Rene Grill,info@manologrill.com,Restaurant/Cafe,Miami
P.Pole Pizza,contact@ppolepizza.com,Restaurant/Cafe,Miami
Piola Brickell,piolabrickell@piolausa.com,Restaurant/Cafe,Miami
Sushi by Scratch Restaurant,sushimiami@scratchrestaurants.com,Restaurant/Cafe,Miami
Tacos El Porky,taquero@tacoselporky.com,Restaurant/Cafe,Miami
Yeti's at Skatebird,yetissnowstand@gmail.com,Restaurant/Cafe,Miami
Café Bastille,contact@cafebastilledowntown.com,Restaurant/Cafe,Miami
Shokudo,info@shokudomiami.com,Restaurant/Cafe,Miami
House of Food Porn,chef@houseoffoodporn.com,Restaurant/Cafe,Miami
Sushi KONG,info@sushikong.com,Restaurant/Cafe,Miami
Navi Coffee & Flowers,hi@navimiami.com,Restaurant/Cafe,Miami
Tin Tin,info@tintinmiami.co,Restaurant/Cafe,Miami
Portobello Ristorante,portobelloristorante@yahoo.com,Restaurant/Cafe,Miami
News Cafe,hello@newscafesouthbeach.com,Restaurant/Cafe,Miami
El Cristo,elcristocatering@yahoo.com,Restaurant/Cafe,Miami
Estiatorio Milos Miami,Miami@estiatoriomilos.com,Restaurant/Cafe,Miami
Coral House Italian Restaurant,info@coralhousemiami.com,Restaurant/Cafe,Miami
Police Athletic League (PAL) Gym Miami Beach),info@beachpal.org,Pilates,Miami
Ignite Fit Training,ignitefitmiami@gmail.com,Pilates,Miami
Bijin Nabe,contact@tsukadanojo.ph,Restaurant/Cafe,Pasig
Mang Boks,delete@g.com,Restaurant/Cafe,Pasig
The Brewery,thebrewery@gmail.com,Restaurant/Cafe,Pasig
Joan's Sizzling,joan.nueva@gmail.com,Restaurant/Cafe,Pasig
Lung Hin,restaurant.mnl@marcopolohotels.com,Restaurant/Cafe,Pasig
Fowlbread,hello@eatlowbrow.com,Restaurant/Cafe,Pasig
Gallery by Chele,reservations@gallerybychele.com,Restaurant/Cafe,Pasig
Yani Café,yanicafeph@gmail.com,Restaurant/Cafe,Pasig
Tiny Tavern,tinytavernph@gmail.com,Restaurant/Cafe,Pasig
Empanada Ilocano food house,evansjosie73@gmail.com,Restaurant/Cafe,Pasig
Key Coffee,kissaten.keycoffee@gmail.com,Restaurant/Cafe,Pasig
Daddy Doogie's Kitchen,daddydoogieskitchenbistro@gmail.com,Restaurant/Cafe,Pasig
Fika Café & Lounge,fikacafelounge@gmail.com,Restaurant/Cafe,Pasig
La Fonda on Main,info@lafondaonmain.com,Restaurant/Cafe,San Antonio
The Base Line,getadrink@thebaselinebar.com,Restaurant/Cafe,San Antonio
Kung Fu Saloon,infosanantonio@kungfusaloon.com,Restaurant/Cafe,San Antonio
Clear Light Coffee,business@clearlightcoffeecompany.com,Restaurant/Cafe,San Antonio
Vero's Cafe,veroscafe@yahoo.com,Restaurant/Cafe,San Antonio
Los Diablitos Snacks,angelicaloz1496@icloud.com,Restaurant/Cafe,San Antonio
Reggie's Tex-Mex Cafe,reggie@reggiestexmex.com,Restaurant/Cafe,San Antonio
Turn Up Fitness,jesse@turnupfitnesssa.com,Pilates,San Antonio
USA Ninja Challenge,northsanantonio@usaninjachallenge.com,Pilates,San Antonio
Henry Higgins Boiled Bagels,hhboiledbagels@gmail.com,Restaurant/Cafe,Portland
Sushi Sapporo,info@sushisapporopdx.com,Restaurant/Cafe,Portland
Puff Coffee,info@puffcoffee.com,Restaurant/Cafe,Portland
Javelina Indigenous Dining,Javelina.PDX@gmail.com,Restaurant/Cafe,Portland
Atlas Pizza,hello@atlaspizzapdx.com,Restaurant/Cafe,Portland
Enat Kitchen,enatpdx@gmail.com,Restaurant/Cafe,Portland
Thai Champa,thaichampapdx@gmail.com,Restaurant/Cafe,Portland
Ruse Brewing Crust Collective Slabtown,info@rusebrewing.com,Restaurant/Cafe,Portland
La Patroncita,hola@lapatroncitapdx.com,Restaurant/Cafe,Portland
Enso Winery,hello@ensowinery.com,Restaurant/Cafe,Portland
Bellwether Bar,bellwetherbar@gmail.com,Restaurant/Cafe,Portland
Slow Pour Coffee + Bar,slowpourcoffee@gmail.com,Restaurant/Cafe,Portland
Honey Latte Cafe,hi@honeylatte.cafe,Restaurant/Cafe,Portland
The Midnight Society,info@themidnightsocietypdx.net,Restaurant/Cafe,Portland
Bar Loon,barloonportland@gmail.com,Restaurant/Cafe,Portland
Off the Griddle,offthegriddlepdx@gmail.com,Restaurant/Cafe,Portland
Po'Shines Café de la Soul,poshines@gmail.com,Restaurant/Cafe,Portland
The Side Street Tavern,sidestreetpdx@gmail.com,Restaurant/Cafe,Portland
Cafe Yaffe,caffeyaffe@gmail.com,Restaurant/Cafe,Portland
Arden,info@ardenpdx.com,Restaurant/Cafe,Portland
Mad Greek Deli,Info@MadGreekDeli.com,Restaurant/Cafe,Portland
Hey Love,hello@heylovepdx.com,Restaurant/Cafe,Portland
Old Pal,hello@oldpalpdx.com,Restaurant/Cafe,Portland
India Oven,ort1.indiaoven@gmail.com,Restaurant/Cafe,Portland
Izakaya Kichinto,kichinto.pdx@gmail.com,Restaurant/Cafe,Portland
Mocks Bottom Cafe,yoon@mocksbottomcafe.com,Restaurant/Cafe,Portland
Darcy's Resturant and Bar,restaurantdarcy@gmail.com,Restaurant/Cafe,Portland
Carlita's,marketing@carlitasttw.com,Restaurant/Cafe,Portland
Brix Tavern,annette@brixtavern.com,Restaurant/Cafe,Portland
Teardrop Lounge,info@teardroplounge.com,Restaurant/Cafe,Portland
Oven and Shaker,ovenandshaker@gmail.com,Restaurant/Cafe,Portland
Mako Matcha Mill,makomatchaco@gmail.com,Restaurant/Cafe,Portland
Cassidy's,contact@cassidysrestaurant.com,Restaurant/Cafe,Portland
Sushi Fukami,contact@sushifukami.com,Restaurant/Cafe,Portland
Spella Caffè,spella@spellacaffe.com,Restaurant/Cafe,Portland
Red Robe Tea House & Cafe,info@redrobeteahouse.com,Restaurant/Cafe,Portland
Suavecito Bar & Grill,suavecitopdx@gmail.com,Restaurant/Cafe,Portland
Fullerton Wines,info@fullertonwines.com,Restaurant/Cafe,Portland
Paddy's,info@paddys.com,Restaurant/Cafe,Portland
In Joy,hello@superjoy.coffee,Restaurant/Cafe,Portland
Gado Gado,info@gadogadopdx.com,Restaurant/Cafe,Portland
Sheena's Salon and Spa Lounge,jminizo93@gmail.com,Salon/Spa,Davao City
Tattoo Avenue,tattooavenue.studiosupplies@yahoo.com.ph,Salon/Spa,Davao City
Healthway,dav@healthway.com.ph,Clinic,Davao City
FPOP Community Health Care Birthing Center and Laboratory,fpop_iloilo@yahoo.com,Clinic,Iloilo City
Maxicare Primary Care Clinic,pcc.iloilo@maxicare.com.ph,Clinic,Iloilo City
Plaza Libertad Medical Specialists' Center,plmsc.ilo2@yahoo.com,Clinic,Iloilo City
Molo District Health Center,molo_health_center2011@yahoo.com,Clinic,Iloilo City
Soup & Sausage Bistro,eurokitchenllc@outlook.com,Restaurant/Cafe,Phoenix
Irene's Tap Room,banda@irenestaproom.com,Restaurant/Cafe,Phoenix
Stemistry,FrontDesk@Stemistryaz.com,Restaurant/Cafe,Phoenix
Bull Shooters,masterbullshooter@yahoo.com,Restaurant/Cafe,Phoenix
Pullano's Pizza,Pullanos@pullanos.com,Restaurant/Cafe,Phoenix
Scooptacular,scooparcadia@gmail.com,Restaurant/Cafe,Phoenix
Scooptacular,info@scooptacular.com,Restaurant/Cafe,Phoenix
So Good Kitchen,Admin@sogoodrestaurant.com,Restaurant/Cafe,Phoenix
Novel Ice Cream,hello@novelicecream.com,Restaurant/Cafe,Phoenix
Wildflower,store003@wildflowerbread.com,Restaurant/Cafe,Phoenix
Broken Yolk Cafe,camelback@brokenyolkcafe.com,Restaurant/Cafe,Phoenix
Soda Jerk,info@sodajerkco.com,Restaurant/Cafe,Phoenix
Modern Margarita,kmason@millavemgt.com,Restaurant/Cafe,Phoenix
Torch Cigar Bar,shop@torchcigarbar.com,Restaurant/Cafe,Phoenix
Arizona American Italian Club,info@azaiclub.com,Restaurant/Cafe,Phoenix
Mancuso's Restaurant,info@mancusosrestaurant.com,Restaurant/Cafe,Phoenix
Olla Olla Crepes,ollaollacrepes@gmail.com,Bakery,Phoenix
Pure Soothing Massage,contact@puresoothing.com,Salon/Spa,Phoenix
Spa-Tastic Blue Nails,spatasticbluenails@gmail.com,Salon/Spa,Phoenix
Black Magic Tattoo,Blackmagictattooaz@gmail.com,Salon/Spa,Phoenix
Brazillian Touch MedSpa,info@braziliantouchmedspa.com,Salon/Spa,Phoenix
Purely Dance,office@purelydance.com,Pilates,Phoenix
Black Swan Yoga - Phoenix,arizona@blackswanyoga.com,Pilates,Phoenix
Fitness 1 Gym,fit1_chadbruce@yahoo.com,Pilates,Phoenix
Op Dental Care,info@opdentalcare.com,Clinic,Phoenix
Arizona Biltmore Dentistry,azbiltmoredentistry@gmail.com,Clinic,Phoenix
Center For Dental Rehabilitation,main@drmtoal.com,Clinic,Phoenix
Law's Family Dentistry,info@lawsfamilydental.com,Clinic,Phoenix
The Treetop ABA,info@thetreetop.com,Clinic,Phoenix
Beautiful Smiles of Arizona,beautifulsmilesofaz1@gmail.com,Clinic,Phoenix
Identity Hormones and Healthcare,info@identityhormones.com,Clinic,Phoenix
Arizona Integrated Medical,info@azintegratedmed.org,Clinic,Phoenix
Stamp Medical,care@stampmedical.com,Clinic,Phoenix
Sparkle Smile Dental Care,office@sparklesmiledentalcare.com,Clinic,Phoenix
Desert Ridge Pediatric Dentistry,info@azkidsdds.com,Clinic,Phoenix
Desert Ridge Prosthodontics,info@desertridgepros.com,Clinic,Phoenix
Mind 24-7,info@mind24-7.com,Clinic,Phoenix
Amir's Nitrogen Ice Parlor,contact@amirsparlor.com,Restaurant/Cafe,Atlanta
Sufi's Kitchen,sufiscatering@gmail.com,Restaurant/Cafe,Atlanta
Irie Mon Cafe,Iriemonatlanta@gmail.com,Restaurant/Cafe,Atlanta
Lingering Shade Social Club,info@lingeringshade.com,Restaurant/Cafe,Atlanta
Fellaship ATL,info@fellashipatl.com,Restaurant/Cafe,Atlanta
Three Peaches Gelato and Coffee,3peachesgelato@gmail.com,Restaurant/Cafe,Atlanta
