Business,Email,Category,Location
Common Man Coffee Roasters,info@cmcroasters.com,Restaurant/Cafe,Manila
Union Jack Tavern,ujtmakati@gmail.com,Restaurant/Cafe,Manila
Yardstick Coffee,hello@yardstickcoffee.com,Restaurant/Cafe,Manila
Las Flores,lasfloresgreenbelt@bistro.com.ph,Restaurant/Cafe,Manila
Blackbird,info@blackbird.com.ph,Restaurant/Cafe,Manila
Mabuhay Teahouse,mabuhayteahouse.booking@gmail.com,Restaurant/Cafe,Manila
The Vegetarian Kitchen,tvkresto@gmail.com,Restaurant/Cafe,Manila
Fred's Revolucion,freds.revolucion@gmail.com,Restaurant/Cafe,Manila
Beat Oven Griddle,beatovengriddle@gmail.com,Restaurant/Cafe,Manila
Ristorante delle Mitre,ristorantedellemitre.2010@gmail.com,Restaurant/Cafe,Manila
Rumba,rumbamakati@gmail.com,Restaurant/Cafe,Manila
Founders Donut,foundersdonutsPH@gmail.com,Restaurant/Cafe,Manila
Crêpe Glazik,kuyacrepes@gmail.com,Restaurant/Cafe,Manila
Wagyu Manila,wagyu.mnlph@gmail.com,Restaurant/Cafe,Manila
8680 Coffee,8680.coffee@gmail.com,Restaurant/Cafe,Manila
Top Dish Korean,hckim4591@naver.com,Restaurant/Cafe,Manila
iVegan,iveganrestaurantinc.2019@gmail.com,Restaurant/Cafe,Manila
Green Bar,greenbarmkt@gmail.com,Restaurant/Cafe,Manila
Sampiro,hello@sampiro.ph,Restaurant/Cafe,Manila
Grotto Hookah Lounge,grottohookahlounge@gmail.com,Restaurant/Cafe,Manila
Your Local,hello@yourlocal.ph,Restaurant/Cafe,Manila
Kolokoys Chicken,ibabao.reyjohn@gmail.com,Restaurant/Cafe,Manila
Helm,helm@bistro.com.ph,Restaurant/Cafe,Manila
Laurel International Cuisine,laurelinternationalcuisine@gmail.com,Restaurant/Cafe,Manila
Oltre Specialty Coffee,cafe@oltre.ph,Restaurant/Cafe,Manila
Cabel,bycabel.ph@gmail.com,Restaurant/Cafe,Manila
Brick Corner,brickcorner15@gmail.com,Restaurant/Cafe,Makati
Mamacita,hola@mamacitaph.com,Restaurant/Cafe,Makati
GotSoul MNL,gotsoulmanila@gmail.com,Restaurant/Cafe,Makati
Salaryman,hello@goodmealconcept.com,Restaurant/Cafe,Makati
Taste & Tell,tasteandtellmnla@gmail.com,Restaurant/Cafe,Makati
Al Dente Pasta Bar,aldentemanila@gmail.com,Restaurant/Cafe,Makati
The Cookery Place,thecookeryph@gmail.com,Restaurant/Cafe,Makati
Las Flores,lasfloresbgc@bistro.com.ph,Restaurant/Cafe,Makati
Miyazaki Gyu,miyazakigyumnl@gmail.com,Restaurant/Cafe,Makati
Brew Shots Cafe,brewshotscafehulomandaluyong@gmail.com,Restaurant/Cafe,Makati
Convenience Coffee,conveniencecoffeeph@gmail.com,Restaurant/Cafe,Makati
Thai-Noy Cuisine,thainoycuisine@gmail.com,Restaurant/Cafe,Makati
Hapag,hello@hapagmnl.com,Restaurant/Cafe,Makati
Kása Palma,gastronomademnl@gmail.com,Restaurant/Cafe,Makati
Yugu Japanese Restaurant,yugi.makati@gmail.com,Restaurant/Cafe,Makati
Gatchalian Lechon Manila,gatchalianslechon.edsa@gmail.com,Restaurant/Cafe,Makati
Elorde Top Team,elordetopteamph@gmail.com,Pilates,Makati
Torre Yoga and Wellness,torrewellnessph@gmail.com,Pilates,Makati
Pan de Amerikana,pandeamerikana@gmail.com,Restaurant/Cafe,Quezon City
Empanada MiMi,empanadamimi@gmail.com,Restaurant/Cafe,Quezon City
Primo's Burger,PrimosBurger.PH@gmail.com,Restaurant/Cafe,Quezon City
NJOY Catering,njoymarketing@gmail.com,Restaurant/Cafe,Quezon City
Ate Bern Almusal,michaelcadavezroque@gmail.com,Restaurant/Cafe,Quezon City
Kuya's,kuyasatqc@gmail.com,Restaurant/Cafe,Quezon City
Red Monster Cafe,redmonstershop.cafe@gmail.com,Restaurant/Cafe,Quezon City
Over Easy,hello@overeasyph.com,Restaurant/Cafe,Quezon City
Stories by LilyPad,storiescafe.lilypad@gmail.com,Restaurant/Cafe,Quezon City
Harong ni Kwatog,kwatog@gmail.com,Restaurant/Cafe,Quezon City
Palm Grill,palatablechicken@gmail.com,Restaurant/Cafe,Quezon City
Izakaya Shonantei,izakayashonantei@gmail.com,Restaurant/Cafe,Quezon City
halfsaints,admin@halfsaints.com,Restaurant/Cafe,Quezon City
Resonate Coffee,resonate.coffee2020@gmail.com,Restaurant/Cafe,Quezon City
Redwood Hawker Center,redwoodhawkercenterrestaurant@gmail.com,Restaurant/Cafe,Quezon City
Sevilla's Catering,info@sevillascatering.com.ph,Restaurant/Cafe,Quezon City
Angels Kitchen,ziellum.inc@gmail.com,Restaurant/Cafe,Quezon City
Greens,greensresto@gmail.com,Restaurant/Cafe,Quezon City
Yummy Fries Burger Atbp.,alilucian009@gmail.com,Restaurant/Cafe,Quezon City
Grounds Manila Beanery,grounds.manila@gmail.com,Restaurant/Cafe,Quezon City
Sweet Ecstasy,hello@sweetxmanila.com,Restaurant/Cafe,Quezon City
Tuhrazoh Kitchen & Cafe,restocaltex@gmail.com,Restaurant/Cafe,Quezon City
Ligaya.,ligayainacup@gmail.com,Restaurant/Cafe,Quezon City
Fancy Crepes,fancycakesandcrepes@gmail.com,Restaurant/Cafe,Quezon City
Greg & Sally's Tree Garden Cafe,hello.gregandsally@gmail.com,Restaurant/Cafe,Quezon City
Alberto's Pizza,apmabolo@gmail.com,Restaurant/Cafe,Cebu City
Full Moon Recreation Center,fullmooncebu@gmail.com,Restaurant/Cafe,Cebu City
Foodfiesta.ph,foodfiesta.ph@gmail.com,Restaurant/Cafe,Cebu City
Otaku-Yaki Restaurant,otakuyakiresto@gmail.com,Restaurant/Cafe,Cebu City
Hachimitsu Unli Grill & Hotpot,deanesseannryu@gmail.com,Restaurant/Cafe,Cebu City
Doppio Coffee,doppiocoffee2016@gmail.com,Restaurant/Cafe,Cebu City
Ctrl + tea,ctrlteaph@gmail.com,Restaurant/Cafe,Cebu City
MIFAN Kitchen,mifankitchen2024@gmail.com,Restaurant/Cafe,Cebu City
Nanhai Seafood Restaurant,Nanhaiseafoodresto@gmail.com,Restaurant/Cafe,Cebu City
Wings District,wingsdistrict@gmail.com,Restaurant/Cafe,Cebu City
Quarter Café,quartercafe032@gmail.com,Restaurant/Cafe,Cebu City
